<?xml version="1.0" encoding="UTF-8"?>
<project-private xmlns="http://www.netbeans.org/ns/project-private/1">
    <editor-bookmarks xmlns="http://www.netbeans.org/ns/editor-bookmarks/2" lastBookmarkId="0"/>
    <open-files xmlns="http://www.netbeans.org/ns/projectui-open-files/2">
        <group>
            <file>file:/D:/intern/Phone_Shop_Project/Phone_Shop/src/com/pages/Sale_Report.java</file>
            <file>file:/D:/intern/Phone_Shop_Project/Phone_Shop/src/com/pages/Login.java</file>
            <file>file:/D:/intern/Phone_Shop_Project/Phone_Shop/src/com/pages/Bill.java</file>
            <file>file:/D:/intern/Phone_Shop_Project/Phone_Shop/src/com/pages/Stock_Report.java</file>
            <file>file:/D:/intern/Phone_Shop_Project/Phone_Shop/src/com/pages/Add_Items.java</file>
            <file>file:/D:/intern/Phone_Shop_Project/Phone_Shop/src/com/pages/Home_page.java</file>
            <file>file:/D:/intern/Phone_Shop_Project/Phone_Shop/src/com/pages/Update_items.java</file>
        </group>
    </open-files>
</project-private>
